{"a": 1.0264858172267177, "b": 0.017507078428730873}